id,tags
7,"[""insider-trading""]"
533,"[""Bullish"", ""Investment"", ""Ownership Change"", ""Insider Trading""]"
6,"[""insider-trading""]"
1113,"[""Bearish"", ""Divestment"", ""Ownership Change"", ""Insider Trading""]"
84,"[""IDX"", ""Bullish"", ""insider-trading"", ""Investment"", ""Ownership Changes""]"
67,"[""IDX"", ""Bearish"", ""insider-trading"", ""Divestment"", ""Ownership Changes""]"
1167,"[""Bullish"", ""Investment"", ""Ownership Change"", ""Insider Trading""]"
530,"[""Bearish"", ""Divestment"", ""Ownership Change"", ""Insider Trading"", ""Takeover""]"
534,"[""Bearish"", ""Divestment"", ""Ownership Change"", ""Insider Trading""]"
521,"[""Bearish"", ""Divestment"", ""Ownership Change"", ""Insider Trading""]"
878,"[""Ownership Changes"", ""Acquisition"", ""insider-trading""]"
1091,"[""Bullish"", ""Investment"", ""Ownership Change"", ""Insider Trading""]"
1114,"[""Bearish"", ""Divestment"", ""Ownership Change"", ""Insider Trading""]"
1170,"[""Bearish"", ""Divestment"", ""Ownership Change"", ""Insider Trading""]"
1193,"[""Bullish"", ""Investment"", ""Ownership Change"", ""Insider Trading""]"
8,"[""insider-trading""]"
522,"[""Bearish"", ""Divestment"", ""Ownership Change"", ""Insider Trading""]"
877,"[""Ownership Changes"", ""Bullish"", ""insider-trading""]"
1092,"[""Bearish"", ""Divestment"", ""Ownership Change"", ""Insider Trading""]"
1093,"[""Bullish"", ""Investment"", ""Ownership Change"", ""Insider Trading""]"
1094,"[""Bearish"", ""Divestment"", ""Ownership Change"", ""Insider Trading""]"
1115,"[""Bullish"", ""Investment"", ""Ownership Change"", ""Insider Trading""]"
16,"[""insider-trading""]"
3,"[""insider-trading""]"
538,"[""Bullish"", ""Investment"", ""Ownership Change"", ""Insider Trading""]"
536,"[""Bullish"", ""Investment"", ""Ownership Change"", ""Insider Trading""]"
880,"[""Ownership Change"", ""Bullish"", ""insider-trading""]"
1095,"[""Bearish"", ""Divestment"", ""Ownership Change"", ""Insider Trading""]"
1116,"[""Bearish"", ""Divestment"", ""Ownership Change"", ""Insider Trading""]"
1117,"[""Bearish"", ""Divestment"", ""Ownership Change"", ""Insider Trading""]"
879,"[""Ownership Change"", ""Bullish"", ""insider-trading""]"
24,"[""insider-trading""]"
537,"[""Bullish"", ""Investment"", ""Ownership Change"", ""Insider Trading""]"
882,"[""Ownership Change"", ""Bullish"", ""insider-trading""]"
884,"[""Ownership Changes"", ""Investment"", ""Bullish"", ""insider-trading""]"
1096,"[""Bullish"", ""Investment"", ""Ownership Change"", ""Insider Trading""]"
1119,"[""Bullish"", ""Investment"", ""Ownership Change"", ""Insider Trading""]"
881,"[""Ownership Change"", ""Bullish"", ""insider-trading""]"
20,"[""insider-trading""]"
147,"[""IDX"", ""Bullish"", ""insider-trading"", ""Investment"", ""Ownership Changes""]"
885,"[""Bullish"", ""Investment"", ""Ownership Change"", ""Insider Trading""]"
542,"[""Bullish"", ""Investment"", ""Ownership Change"", ""Insider Trading""]"
541,"[""Bearish"", ""Divestment"", ""Ownership Change"", ""Insider Trading""]"
539,"[""Bearish"", ""Divestment"", ""Ownership Change"", ""Insider Trading""]"
540,"[""Bearish"", ""Divestment"", ""Ownership Change"", ""Insider Trading""]"
544,"[""Bullish"", ""Investment"", ""Ownership Change"", ""Insider Trading""]"
546,"[""Bullish"", ""Investment"", ""Ownership Change"", ""Insider Trading""]"
548,"[""Bullish"", ""Investment"", ""Ownership Change"", ""Insider Trading""]"
887,"[""Bearish"", ""Divestment"", ""Ownership Change"", ""Insider Trading""]"
1120,"[""Bearish"", ""Divestment"", ""Ownership Change"", ""Insider Trading""]"
1122,"[""Bearish"", ""Divestment"", ""Ownership Change"", ""Insider Trading""]"
1097,"[""Bearish"", ""Divestment"", ""Ownership Change"", ""Insider Trading""]"
64,"[""IDX"", ""Bullish"", ""insider-trading"", ""Takeover"", ""Ownership Changes"", ""Majority Shareholding Change""]"
545,"[""Bullish"", ""Investment"", ""Ownership Change"", ""Insider Trading""]"
547,"[""Bearish"", ""Divestment"", ""Ownership Change"", ""Insider Trading""]"
549,"[""Bullish"", ""Investment"", ""Ownership Change"", ""Insider Trading""]"
899,"[""Ownership Changes"", ""insider-trading"", ""Bullish"", ""IDX""]"
934,"[""OwnershipChanges"", ""Investment"", ""Bullish"", ""insider-trading""]"
78,"[""IDX"", ""Bullish"", ""insider-trading"", ""Investment"", ""Ownership Changes""]"
552,"[""Bullish"", ""Investment"", ""Ownership Change"", ""Insider Trading""]"
900,"[""Ownership Changes"", ""insider-trading"", ""Bullish"", ""IDX""]"
550,"[""Bearish"", ""Divestment"", ""Ownership Change"", ""Insider Trading""]"
935,"[""Ownership Changes"", ""Bullish"", ""insider-trading""]"
903,"[""Ownership Changes"", ""Bearish"", ""insider-trading""]"
798,"[""Bullish"", ""Investment"", ""Ownership Change"", ""Insider Trading""]"
553,"[""Bullish"", ""Investment"", ""Ownership Change"", ""Insider Trading""]"
82,"[""IDX"", ""Bullish"", ""insider-trading"", ""Investment"", ""Ownership Changes""]"
901,"[""Ownership Changes"", ""Bearish"", ""insider-trading""]"
27,"[""insider-trading""]"
936,"[""Ownership Changes"", ""Bullish"", ""insider-trading""]"
805,"[""Bullish"", ""Investment"", ""Ownership Change"", ""Insider Trading""]"
902,"[""Ownership Changes"", ""Bullish"", ""insider-trading""]"
937,"[""Ownership Changes"", ""Bullish"", ""insider-trading""]"
557,"[""Bullish"", ""Investment"", ""Ownership Change"", ""Insider Trading""]"
9,"[""insider-trading""]"
10,"[""insider-trading""]"
28,"[""insider-trading""]"
563,"[""Bullish"", ""Investment"", ""Ownership Change"", ""Insider Trading""]"
558,"[""Bearish"", ""Divestment"", ""Ownership Change"", ""Insider Trading""]"
889,"[""Ownership Changes"", ""Bullish"", ""insider-trading""]"
904,"[""Ownership Changes"", ""Bullish"", ""insider-trading""]"
938,"[""Ownership Changes"", ""Bearish"", ""insider-trading""]"
14,"[""insider-trading""]"
559,"[""Bearish"", ""Divestment"", ""Ownership Change"", ""Insider Trading""]"
908,"[""Investment"", ""Ownership Changes"", ""Bearish"", ""insider-trading""]"
905,"[""Ownership Changes"", ""Takeover"", ""insider-trading""]"
939,"[""IDX"", ""Ownership Changes"", ""Bullish"", ""insider-trading""]"
76,"[""IDX"", ""Bullish"", ""insider-trading"", ""Ownership Changes""]"
560,"[""Bearish"", ""Divestment"", ""Ownership Change"", ""Insider Trading""]"
331,"[""Bullish"", ""insider-trading"", ""Investment"", ""Ownership Changes""]"
906,"[""Investment"", ""Ownership Changes"", ""Bullish"", ""insider-trading""]"
907,"[""Investment"", ""Ownership Changes"", ""Bullish"", ""insider-trading""]"
4,"[""insider-trading""]"
1099,"[""Bearish"", ""Divestment"", ""Ownership Change"", ""Insider Trading""]"
5,"[""insider-trading""]"
561,"[""Bullish"", ""Investment"", ""Ownership Change"", ""Insider Trading""]"
891,"[""Bearish"", ""Divestment"", ""Ownership Change"", ""Insider Trading""]"
892,"[""Bullish"", ""Investment"", ""Ownership Change"", ""Insider Trading""]"
893,"[""Bullish"", ""Investment"", ""Ownership Change"", ""Insider Trading""]"
894,"[""Bearish"", ""Divestment"", ""Ownership Change"", ""Insider Trading""]"
909,"[""Bearish"", ""Divestment"", ""Ownership Change"", ""Insider Trading""]"
910,"[""Bullish"", ""Investment"", ""Ownership Change"", ""Insider Trading""]"
911,"[""Bearish"", ""Divestment"", ""Ownership Change"", ""Insider Trading""]"
1121,"[""Bearish"", ""Divestment"", ""Ownership Change"", ""Insider Trading""]"
83,"[""IDX"", ""Neutral"", ""insider-trading"", ""Ownership Changes""]"
562,"[""Bullish"", ""Investment"", ""Ownership Change"", ""Insider Trading""]"
895,"[""Ownership Changes"", ""Bullish"", ""insider-trading""]"
896,"[""Ownership Changes"", ""Bullish"", ""insider-trading""]"
912,"[""Ownership Changes"", ""Bullish"", ""insider-trading""]"
137,"[""IDX"", ""Neutral"", ""insider-trading"", ""Divestment"", ""Ownership Changes""]"
139,"[""IDX"", ""Neutral"", ""Divestment"", ""Ownership Changes""]"
1123,"[""Bearish"", ""Divestment"", ""Ownership Change"", ""Insider Trading""]"
565,"[""Bearish"", ""Divestment"", ""Ownership Change"", ""Insider Trading""]"
1003,"[""Bearish"", ""Divestment"", ""Ownership Change"", ""Insider Trading""]"
311,"[""Ownership Changes"", ""Bearish"", ""insider-trading"", ""Divestment""]"
913,"[""Ownership Changes"", ""Bullish"", ""insider-trading""]"
212,"[""IDX"", ""Bullish"", ""insider-trading"", ""Investment"", ""Ownership Changes""]"
1002,"[""Bullish"", ""Investment"", ""Ownership Change"", ""Insider Trading""]"
564,"[""Bearish"", ""Divestment"", ""Ownership Change"", ""Insider Trading""]"
569,"[""Bullish"", ""Investment"", ""Ownership Change"", ""Insider Trading""]"
570,"[""Bullish"", ""Investment"", ""Ownership Change"", ""Insider Trading""]"
571,"[""Bullish"", ""Investment"", ""Ownership Change"", ""Insider Trading""]"
572,"[""Bearish"", ""Divestment"", ""Ownership Change"", ""Insider Trading""]"
152,"[""IDX"", ""Bullish"", ""insider-trading"", ""Investment"", ""Ownership Changes""]"
154,"[""IDX"", ""Bullish"", ""insider-trading"", ""Investment"", ""Ownership Changes""]"
568,"[""Bearish"", ""Divestment"", ""Ownership Change"", ""Insider Trading""]"
575,"[""Bullish"", ""Investment"", ""Ownership Change"", ""Insider Trading""]"
576,"[""Bullish"", ""Investment"", ""Ownership Change"", ""Insider Trading""]"
157,"[""IDX"", ""Bullish"", ""insider-trading"", ""Stock Dividend"", ""Ownership Changes""]"
914,"[""Investment"", ""Ownership Changes"", ""Bullish"", ""insider-trading""]"
1004,"[""Bullish"", ""Investment"", ""Ownership Change"", ""Insider Trading""]"
577,"[""Bearish"", ""Divestment"", ""Ownership Change"", ""Insider Trading""]"
579,"[""Bearish"", ""Divestment"", ""Ownership Change"", ""Insider Trading""]"
581,"[""Bullish"", ""Investment"", ""Ownership Change"", ""Insider Trading""]"
582,"[""Bullish"", ""Investment"", ""Ownership Change"", ""Insider Trading""]"
2,"[""bullish"", ""investment"", ""ownership change"", ""insider trading""]"
580,"[""Bullish"", ""Investment"", ""Ownership Change"", ""Insider Trading""]"
236,"[""IDX"", ""Bullish"", ""insider-trading"", ""Investment"", ""Ownership Changes""]"
1005,"[""Bullish"", ""Investment"", ""Ownership Change"", ""Insider Trading""]"
578,"[""Bearish"", ""Divestment"", ""Ownership Change"", ""Insider Trading""]"
586,"[""Bullish"", ""Investment"", ""Ownership Change"", ""Insider Trading""]"
583,"[""Bearish"", ""Divestment"", ""Ownership Change"", ""Insider Trading""]"
915,"[""Ownership Changes"", ""Bullish"", ""insider-trading""]"
1006,"[""Bullish"", ""Investment"", ""Ownership Change"", ""Insider Trading""]"
1007,"[""Bullish"", ""Investment"", ""Ownership Change"", ""Insider Trading""]"
165,"[""IDX"", ""Bullish"", ""insider-trading"", ""Investment"", ""Ownership Changes""]"
1008,"[""Bullish"", ""Investment"", ""Ownership Change"", ""Insider Trading""]"
584,"[""Bullish"", ""Investment"", ""Ownership Change"", ""Insider Trading""]"
587,"[""Bullish"", ""Investment"", ""Ownership Change"", ""Insider Trading""]"
916,"[""Ownership Changes"", ""Bullish"", ""insider-trading""]"
1009,"[""Bearish"", ""Divestment"", ""Ownership Change"", ""Insider Trading""]"
1010,"[""Bullish"", ""Investment"", ""Ownership Change"", ""Insider Trading""]"
1011,"[""Bullish"", ""Investment"", ""Ownership Change"", ""Insider Trading""]"
1012,"[""Bullish"", ""Investment"", ""Ownership Change"", ""Insider Trading""]"
1013,"[""Bullish"", ""Investment"", ""Ownership Change"", ""Insider Trading""]"
585,"[""Bearish"", ""Divestment"", ""Ownership Change"", ""Insider Trading""]"
917,"[""Ownership Changes"", ""Bullish"", ""insider-trading""]"
918,"[""Ownership Changes"", ""Bullish"", ""insider-trading""]"
919,"[""Ownership Changes"", ""Bullish"", ""insider-trading""]"
920,"[""Ownership Changes"", ""Bullish"", ""insider-trading""]"
1015,"[""Bearish"", ""Divestment"", ""Ownership Change"", ""Insider Trading""]"
1016,"[""Bullish"", ""Investment"", ""Ownership Change"", ""Insider Trading""]"
1018,"[""Bullish"", ""Investment"", ""Ownership Change"", ""Insider Trading""]"
1017,"[""Bullish"", ""Investment"", ""Ownership Change"", ""Insider Trading""]"
590,"[""Bullish"", ""Investment"", ""Ownership Change"", ""Insider Trading""]"
592,"[""Bullish"", ""Investment"", ""Ownership Change"", ""Insider Trading""]"
593,"[""Bullish"", ""Investment"", ""Ownership Change"", ""Insider Trading""]"
589,"[""Bearish"", ""Divestment"", ""Ownership Change"", ""Insider Trading""]"
591,"[""Bearish"", ""Divestment"", ""Ownership Change"", ""Insider Trading""]"
921,"[""Ownership Changes"", ""Bullish"", ""insider-trading""]"
1019,"[""Bullish"", ""Investment"", ""Ownership Change"", ""Insider Trading""]"
1020,"[""Bearish"", ""Divestment"", ""Ownership Change"", ""Insider Trading""]"
1021,"[""Bearish"", ""Divestment"", ""Ownership Change"", ""Insider Trading""]"
596,"[""Bearish"", ""Divestment"", ""Ownership Change"", ""Insider Trading""]"
598,"[""Bearish"", ""Divestment"", ""Ownership Change"", ""Insider Trading"", ""Takeover""]"
600,"[""Bearish"", ""Divestment"", ""Ownership Change"", ""Insider Trading""]"
180,"[""IDX"", ""Bullish"", ""insider-trading"", ""Investment"", ""Ownership Changes""]"
922,"[""Ownership Changes"", ""Investment"", ""Bullish"", ""insider-trading""]"
1022,"[""Bullish"", ""Investment"", ""Ownership Change"", ""Insider Trading""]"
1023,"[""Bearish"", ""Divestment"", ""Ownership Change"", ""Insider Trading""]"
594,"[""Bullish"", ""Investment"", ""Ownership Change"", ""Insider Trading""]"
599,"[""Bearish"", ""Divestment"", ""Ownership Change"", ""Insider Trading""]"
597,"[""Bearish"", ""Divestment"", ""Ownership Change"", ""Insider Trading""]"
595,"[""Bearish"", ""Divestment"", ""Ownership Change"", ""Insider Trading""]"
601,"[""Bullish"", ""Investment"", ""Ownership Change"", ""Insider Trading""]"
923,"[""Ownership Changes"", ""Bullish"", ""insider-trading""]"
1024,"[""Bullish"", ""Investment"", ""Ownership Change"", ""Insider Trading""]"
1025,"[""Bearish"", ""Divestment"", ""Ownership Change"", ""Insider Trading""]"
605,"[""Bullish"", ""Investment"", ""Ownership Change"", ""Insider Trading""]"
602,"[""Bullish"", ""Investment"", ""Ownership Change"", ""Insider Trading""]"
604,"[""Bullish"", ""Investment"", ""Ownership Change"", ""Insider Trading""]"
603,"[""Bearish"", ""Divestment"", ""Ownership Change"", ""Insider Trading""]"
924,"[""Ownership Changes"", ""Bearish"", ""insider-trading""]"
1026,"[""Bullish"", ""Investment"", ""Ownership Change"", ""Insider Trading""]"
608,"[""Bullish"", ""Investment"", ""Ownership Change"", ""Insider Trading""]"
612,"[""Bullish"", ""Investment"", ""Ownership Change"", ""Insider Trading""]"
614,"[""Bullish"", ""Investment"", ""Ownership Change"", ""Insider Trading""]"
213,"[""IDX"", ""Bullish"", ""insider-trading"", ""Investment"", ""Ownership Changes""]"
610,"[""Bullish"", ""Investment"", ""Ownership Change"", ""Insider Trading""]"
925,"[""Ownership Changes"", ""Investment"", ""Bullish"", ""insider-trading""]"
1027,"[""Bearish"", ""Divestment"", ""Ownership Change"", ""Insider Trading""]"
606,"[""Bullish"", ""Investment"", ""Ownership Change"", ""Insider Trading""]"
609,"[""Bullish"", ""Investment"", ""Ownership Change"", ""Insider Trading""]"
611,"[""Bullish"", ""Investment"", ""Ownership Change"", ""Insider Trading""]"
615,"[""Bullish"", ""Investment"", ""Ownership Change"", ""Insider Trading""]"
613,"[""Bullish"", ""Investment"", ""Ownership Change"", ""Insider Trading""]"
607,"[""Bearish"", ""Divestment"", ""Ownership Change"", ""Insider Trading""]"
926,"[""Ownership Changes"", ""Bearish"", ""insider-trading""]"
1029,"[""Bearish"", ""Divestment"", ""Ownership Change"", ""Insider Trading""]"
1030,"[""Bearish"", ""Divestment"", ""Ownership Change"", ""Insider Trading""]"
1031,"[""Bearish"", ""Divestment"", ""Ownership Change"", ""Insider Trading""]"
616,"[""Bullish"", ""Investment"", ""Ownership Change"", ""Insider Trading""]"
927,"[""Ownership Changes"", ""Bullish"", ""insider-trading""]"
1032,"[""Bearish"", ""Divestment"", ""Ownership Change"", ""Insider Trading""]"
1033,"[""Bullish"", ""Investment"", ""Ownership Change"", ""Insider Trading""]"
617,"[""Bullish"", ""Investment"", ""Ownership Change"", ""Insider Trading""]"
1034,"[""Bearish"", ""Divestment"", ""Ownership Change"", ""Insider Trading""]"
1035,"[""Bearish"", ""Divestment"", ""Ownership Change"", ""Insider Trading""]"
1036,"[""Bearish"", ""Divestment"", ""Ownership Change"", ""Insider Trading""]"
1037,"[""Bullish"", ""Investment"", ""Ownership Change"", ""Insider Trading""]"
1038,"[""Bullish"", ""Investment"", ""Ownership Change"", ""Insider Trading""]"
1125,"[""Bearish"", ""Divestment"", ""Ownership Change"", ""Insider Trading""]"
1171,"[""Bearish"", ""Divestment"", ""Ownership Change"", ""Insider Trading""]"
618,"[""Bullish"", ""Investment"", ""Ownership Change"", ""Insider Trading""]"
622,"[""Bullish"", ""Investment"", ""Ownership Change"", ""Insider Trading""]"
243,"[""IDX"", ""Bullish"", ""insider-trading"", ""Investment"", ""Ownership Changes""]"
244,"[""IDX"", ""Bullish"", ""insider-trading"", ""Investment"", ""Ownership Changes""]"
621,"[""Bearish"", ""Divestment"", ""Ownership Change"", ""Insider Trading""]"
620,"[""Bearish"", ""Divestment"", ""Ownership Change"", ""Insider Trading""]"
619,"[""Bearish"", ""Divestment"", ""Ownership Change"", ""Insider Trading""]"
624,"[""Bullish"", ""Investment"", ""Ownership Change"", ""Insider Trading""]"
1039,"[""Bullish"", ""Investment"", ""Ownership Change"", ""Insider Trading""]"
1040,"[""Bearish"", ""Divestment"", ""Ownership Change"", ""Insider Trading""]"
1042,"[""Bullish"", ""Investment"", ""Ownership Change"", ""Insider Trading""]"
251,"[""IDX"", ""Bearish"", ""insider-trading"", ""Shares Consolidation"", ""Ownership Changes""]"
1043,"[""Bullish"", ""Investment"", ""Ownership Change"", ""Insider Trading""]"
929,"[""Acquisition"", ""Ownership Structure"", ""Bullish"", ""insider-trading""]"
930,"[""Divestment"", ""Ownership Changes"", ""Bearish"", ""insider-trading""]"
625,"[""Bullish"", ""Investment"", ""Ownership Change"", ""Insider Trading""]"
626,"[""Bearish"", ""Divestment"", ""Ownership Change"", ""Insider Trading""]"
1044,"[""Bullish"", ""Investment"", ""Ownership Change"", ""Insider Trading""]"
1046,"[""Bullish"", ""Investment"", ""Ownership Change"", ""Insider Trading""]"
1048,"[""Bullish"", ""Investment"", ""Ownership Change"", ""Insider Trading""]"
1049,"[""Bullish"", ""Investment"", ""Ownership Change"", ""Insider Trading""]"
1126,"[""Bullish"", ""Investment"", ""Ownership Change"", ""Insider Trading""]"
1047,"[""Bullish"", ""Investment"", ""Ownership Change"", ""Insider Trading""]"
628,"[""Bullish"", ""Investment"", ""Ownership Change"", ""Insider Trading""]"
630,"[""Bullish"", ""Investment"", ""Ownership Change"", ""Insider Trading""]"
631,"[""Bearish"", ""Divestment"", ""Ownership Change"", ""Insider Trading""]"
632,"[""Bullish"", ""Investment"", ""Ownership Change"", ""Insider Trading""]"
634,"[""Bearish"", ""Divestment"", ""Ownership Change"", ""Insider Trading""]"
627,"[""Bearish"", ""Divestment"", ""Ownership Change"", ""Insider Trading""]"
629,"[""Bullish"", ""Investment"", ""Ownership Change"", ""Insider Trading""]"
636,"[""Bullish"", ""Investment"", ""Ownership Change"", ""Insider Trading""]"
641,"[""Bearish"", ""Divestment"", ""Ownership Change"", ""Insider Trading""]"
645,"[""Bearish"", ""Divestment"", ""Ownership Change"", ""Insider Trading""]"
649,"[""Bullish"", ""Investment"", ""Ownership Change"", ""Insider Trading""]"
269,"[""Bullish"", ""insider-trading"", ""Investment"", ""Ownership Changes""]"
647,"[""Bullish"", ""Investment"", ""Ownership Change"", ""Insider Trading""]"
642,"[""Bullish"", ""Investment"", ""Ownership Change"", ""Insider Trading""]"
276,"[""Bullish"", ""insider-trading"", ""Investment"", ""Ownership Changes""]"
648,"[""Bullish"", ""Investment"", ""Ownership Change"", ""Insider Trading""]"
637,"[""Bearish"", ""Divestment"", ""Ownership Change"", ""Insider Trading""]"
646,"[""Bullish"", ""Investment"", ""Ownership Change"", ""Insider Trading""]"
638,"[""Bullish"", ""Investment"", ""Ownership Change"", ""Insider Trading""]"
640,"[""Bullish"", ""Investment"", ""Ownership Change"", ""Insider Trading""]"
644,"[""Bearish"", ""Divestment"", ""Ownership Change"", ""Insider Trading""]"
639,"[""Bullish"", ""Investment"", ""Ownership Change"", ""Insider Trading""]"
651,"[""Bullish"", ""Investment"", ""Ownership Change"", ""Insider Trading""]"
1052,"[""neutral"", ""ownership change"", ""insider trading""]"
286,"[""Bearish"", ""insider-trading"", ""Divestment"", ""Ownership Changes""]"
1041,"[""Bullish"", ""Investment"", ""Ownership Change"", ""Insider Trading""]"
1194,"[""Bullish"", ""Investment"", ""Ownership Change"", ""Insider Trading""]"
1127,"[""Bearish"", ""Divestment"", ""Ownership Change"", ""Insider Trading""]"
301,"[""Bearish"", ""insider-trading"", ""Divestment"", ""Ownership Changes""]"
652,"[""Bearish"", ""Divestment"", ""Ownership Change"", ""Insider Trading""]"
1051,"[""Bullish"", ""Investment"", ""Ownership Change"", ""Insider Trading""]"
1053,"[""neutral"", ""ownership change"", ""insider trading""]"
1128,"[""Bullish"", ""Investment"", ""Ownership Change"", ""Insider Trading""]"
1173,"[""Bearish"", ""Divestment"", ""Ownership Change"", ""Insider Trading""]"
1174,"[""Bullish"", ""Investment"", ""Ownership Change"", ""Insider Trading""]"
1175,"[""Bearish"", ""Divestment"", ""Ownership Change"", ""Insider Trading""]"
310,"[""Ownership Changes"", ""Investment"", ""Bullish"", ""insider-trading""]"
655,"[""Bullish"", ""Investment"", ""Ownership Change"", ""Insider Trading""]"
659,"[""Bullish"", ""Investment"", ""Ownership Change"", ""Insider Trading""]"
661,"[""Bullish"", ""Investment"", ""Ownership Change"", ""Insider Trading""]"
698,"[""Bullish"", ""Investment"", ""Ownership Change"", ""Insider Trading""]"
700,"[""Bullish"", ""Investment"", ""Ownership Change"", ""Insider Trading""]"
314,"[""Ownership Changes"", ""Succession"", ""insider-trading""]"
315,"[""Ownership Changes"", ""Succession"", ""insider-trading""]"
653,"[""Bullish"", ""Investment"", ""Ownership Change"", ""Insider Trading""]"
696,"[""Bearish"", ""Divestment"", ""Ownership Change"", ""Insider Trading""]"
656,"[""Bullish"", ""Investment"", ""Ownership Change"", ""Insider Trading""]"
660,"[""Bullish"", ""Investment"", ""Ownership Change"", ""Insider Trading""]"
662,"[""Bearish"", ""Divestment"", ""Ownership Change"", ""Insider Trading""]"
701,"[""Bullish"", ""Investment"", ""Ownership Change"", ""Insider Trading""]"
658,"[""Bearish"", ""Divestment"", ""Ownership Change"", ""Insider Trading""]"
705,"[""Bullish"", ""Investment"", ""Ownership Change"", ""Insider Trading""]"
699,"[""Bullish"", ""Investment"", ""Ownership Change"", ""Insider Trading""]"
654,"[""Bearish"", ""Divestment"", ""Ownership Change"", ""Insider Trading""]"
1028,"[""Bearish"", ""Divestment"", ""Ownership Change"", ""Insider Trading""]"
667,"[""Bullish"", ""Investment"", ""Ownership Change"", ""Insider Trading""]"
671,"[""Bearish"", ""Divestment"", ""Ownership Change"", ""Insider Trading""]"
703,"[""Bullish"", ""Investment"", ""Ownership Change"", ""Insider Trading""]"
335,"[""Bullish"", ""insider-trading"", ""Investment"", ""Ownership Changes""]"
665,"[""Bearish"", ""Divestment"", ""Ownership Change"", ""Insider Trading""]"
669,"[""Bullish"", ""Investment"", ""Ownership Change"", ""Insider Trading""]"
704,"[""Bullish"", ""Investment"", ""Ownership Change"", ""Insider Trading""]"
702,"[""Bullish"", ""Investment"", ""Ownership Change"", ""Insider Trading""]"
1054,"[""bullish"", ""investment"", ""ownership change"", ""insider trading""]"
663,"[""Bullish"", ""Investment"", ""Ownership Change"", ""Insider Trading""]"
664,"[""Bullish"", ""Investment"", ""Ownership Change"", ""Insider Trading""]"
668,"[""Bullish"", ""Investment"", ""Ownership Change"", ""Insider Trading""]"
670,"[""Bearish"", ""Divestment"", ""Ownership Change"", ""Insider Trading""]"
717,"[""Bullish"", ""Investment"", ""Ownership Change"", ""Insider Trading""]"
718,"[""Bullish"", ""Investment"", ""Ownership Change"", ""Insider Trading""]"
716,"[""Bullish"", ""Investment"", ""Ownership Change"", ""Insider Trading""]"
672,"[""Bullish"", ""Investment"", ""Ownership Change"", ""Insider Trading""]"
719,"[""Bullish"", ""Investment"", ""Ownership Change"", ""Insider Trading""]"
680,"[""Bullish"", ""Investment"", ""Ownership Change"", ""Insider Trading""]"
720,"[""Bearish"", ""Divestment"", ""Ownership Change"", ""Insider Trading""]"
677,"[""Bearish"", ""Divestment"", ""Ownership Change"", ""Insider Trading""]"
681,"[""Bearish"", ""Divestment"", ""Ownership Change"", ""Insider Trading""]"
673,"[""Bullish"", ""Investment"", ""Ownership Change"", ""Insider Trading""]"
361,"[""Bullish"", ""insider-trading"", ""Investment"", ""Ownership Changes""]"
362,"[""Bullish"", ""insider-trading"", ""Investment"", ""Ownership Changes""]"
363,"[""Bearish"", ""insider-trading"", ""Divestment"", ""Ownership Changes""]"
721,"[""Bullish"", ""Investment"", ""Ownership Change"", ""Insider Trading""]"
678,"[""Bullish"", ""Investment"", ""Ownership Change"", ""Insider Trading""]"
725,"[""Bullish"", ""Investment"", ""Ownership Change"", ""Insider Trading""]"
726,"[""Bullish"", ""Investment"", ""Ownership Change"", ""Insider Trading""]"
724,"[""Bullish"", ""Investment"", ""Ownership Change"", ""Insider Trading""]"
682,"[""Bearish"", ""Divestment"", ""Ownership Change"", ""Insider Trading""]"
377,"[""insider-trading""]"
378,"[""Bullish"", ""Investment"", ""insider-trading""]"
674,"[""Bearish"", ""Divestment"", ""Ownership Change"", ""Insider Trading""]"
723,"[""Bearish"", ""Divestment"", ""Ownership Change"", ""Insider Trading""]"
729,"[""Bullish"", ""Investment"", ""Ownership Change"", ""Insider Trading""]"
731,"[""Bearish"", ""Divestment"", ""Ownership Change"", ""Insider Trading""]"
679,"[""Bearish"", ""Divestment"", ""Ownership Change"", ""Insider Trading""]"
727,"[""Bullish"", ""Investment"", ""Ownership Change"", ""Insider Trading""]"
675,"[""Bullish"", ""Investment"", ""Ownership Change"", ""Insider Trading""]"
728,"[""Bullish"", ""Investment"", ""Ownership Change"", ""Insider Trading""]"
730,"[""Bearish"", ""Divestment"", ""Ownership Change"", ""Insider Trading""]"
1055,"[""takeover"", ""insider trading"", ""ownership change"", ""bullish"", ""investment""]"
684,"[""Bearish"", ""Divestment"", ""Ownership Change"", ""Insider Trading""]"
732,"[""Bullish"", ""Investment"", ""Ownership Change"", ""Insider Trading""]"
1130,"[""Bearish"", ""Divestment"", ""Ownership Change"", ""Insider Trading""]"
1132,"[""Bearish"", ""Divestment"", ""Ownership Change"", ""Insider Trading""]"
1056,"[""Bearish"", ""Divestment"", ""Ownership Change"", ""Insider Trading""]"
1177,"[""Bearish"", ""Divestment"", ""Ownership Change"", ""Insider Trading""]"
1178,"[""Bullish"", ""Investment"", ""Ownership Change"", ""Insider Trading""]"
1179,"[""Bearish"", ""Divestment"", ""Ownership Change"", ""Insider Trading""]"
1057,"[""Bearish"", ""Divestment"", ""Ownership Change"", ""Insider Trading""]"
733,"[""Bullish"", ""Investment"", ""Ownership Change"", ""Insider Trading""]"
742,"[""insider-trading"", ""Bullish"", ""Ownership Changes"", ""IDX""]"
685,"[""Bullish"", ""Investment"", ""Ownership Change"", ""Insider Trading""]"
689,"[""Bullish"", ""Investment"", ""Ownership Change"", ""Insider Trading""]"
1058,"[""Bearish"", ""Divestment"", ""Ownership Change"", ""Insider Trading""]"
687,"[""Bullish"", ""Investment"", ""Ownership Change"", ""Insider Trading""]"
690,"[""Bearish"", ""Divestment"", ""Ownership Change"", ""Insider Trading""]"
738,"[""Bullish"", ""Investment"", ""Ownership Change"", ""Insider Trading""]"
686,"[""Bullish"", ""Investment"", ""Ownership Change"", ""Insider Trading""]"
739,"[""Bullish"", ""Investment"", ""Ownership Change"", ""Insider Trading""]"
737,"[""Bullish"", ""Investment"", ""Ownership Change"", ""Insider Trading""]"
734,"[""Bullish"", ""Investment"", ""Ownership Change"", ""Insider Trading""]"
735,"[""Bullish"", ""Investment"", ""Ownership Change"", ""Insider Trading""]"
688,"[""Bullish"", ""Investment"", ""Ownership Change"", ""Insider Trading""]"
736,"[""Bearish"", ""Divestment"", ""Ownership Change"", ""Insider Trading""]"
695,"[""Bullish"", ""Investment"", ""Ownership Change"", ""Insider Trading""]"
1133,"[""Bearish"", ""Divestment"", ""Ownership Change"", ""Insider Trading""]"
691,"[""Bearish"", ""Divestment"", ""Ownership Change"", ""Insider Trading""]"
740,"[""Bearish"", ""Divestment"", ""Ownership Change"", ""Insider Trading""]"
745,"[""Investment"", ""Ownership Structure"", ""Bullish"", ""insider-trading""]"
1059,"[""Bullish"", ""Investment"", ""Ownership Change"", ""Insider Trading""]"
1135,"[""Bullish"", ""Investment"", ""Ownership Change"", ""Insider Trading""]"
1180,"[""Bearish"", ""Divestment"", ""Ownership Change"", ""Insider Trading""]"
1098,"[""Bullish"", ""Investment"", ""Ownership Change"", ""Insider Trading""]"
1182,"[""Bullish"", ""Investment"", ""Ownership Change"", ""Insider Trading"", ""Takeover""]"
692,"[""Bearish"", ""Divestment"", ""Ownership Change"", ""Insider Trading""]"
1060,"[""Bullish"", ""Investment"", ""Ownership Change"", ""Insider Trading""]"
1134,"[""Bullish"", ""Investment"", ""Ownership Change"", ""Insider Trading""]"
1181,"[""Bullish"", ""Investment"", ""Ownership Change"", ""Insider Trading""]"
1183,"[""Bullish"", ""Investment"", ""Ownership Change"", ""Insider Trading""]"
1195,"[""Bearish"", ""Divestment"", ""Ownership Change"", ""Insider Trading""]"
1198,"[""Bullish"", ""Investment"", ""Ownership Change"", ""Insider Trading""]"
693,"[""Bearish"", ""Divestment"", ""Ownership Change"", ""Insider Trading""]"
747,"[""Bearish"", ""Divestment"", ""Ownership Change"", ""Insider Trading""]"
778,"[""Bullish"", ""Investment"", ""Ownership Change"", ""Insider Trading""]"
779,"[""Onwership Changes"", ""Bullish"", ""insider-trading""]"
722,"[""Bearish"", ""Divestment"", ""Ownership Change"", ""Insider Trading""]"
762,"[""Ownership Change"", ""Investment"", ""Bullish"", ""insider-trading""]"
1061,"[""Bullish"", ""Investment"", ""Ownership Change"", ""Insider Trading""]"
694,"[""Bearish"", ""Divestment"", ""Ownership Change"", ""Insider Trading""]"
650,"[""Bearish"", ""Divestment"", ""Ownership Change"", ""Insider Trading""]"
748,"[""Bearish"", ""Divestment"", ""Ownership Change"", ""Insider Trading""]"
1196,"[""Bullish"", ""Investment"", ""Ownership Change"", ""Insider Trading""]"
763,"[""Ownership Changes"", ""insider-trading""]"
1062,"[""Bearish"", ""Divestment"", ""Ownership Change"", ""Insider Trading""]"
1203,"[""Bullish"", ""Investment"", ""Ownership Change"", ""Insider Trading""]"
1184,"[""Bearish"", ""Divestment"", ""Ownership Change"", ""Insider Trading""]"
750,"[""Bullish"", ""Investment"", ""Ownership Change"", ""Insider Trading""]"
749,"[""Bearish"", ""Divestment"", ""Ownership Change"", ""Insider Trading""]"
633,"[""Bullish"", ""Investment"", ""Ownership Change"", ""Insider Trading""]"
781,"[""Divestment"", ""Ownership Changes"", ""Bearish"", ""insider-trading""]"
1063,"[""Bullish"", ""Investment"", ""Ownership Change"", ""Insider Trading""]"
1064,"[""Bullish"", ""Investment"", ""Ownership Change"", ""Insider Trading""]"
1065,"[""Bullish"", ""Investment"", ""Ownership Change"", ""Insider Trading""]"
623,"[""Bullish"", ""Investment"", ""Ownership Change"", ""Insider Trading""]"
782,"[""IDX"", ""insider-trading"", ""Ownership Changes"", ""Bearish""]"
765,"[""Ownership Changes"", ""Bearish"", ""insider-trading""]"
1066,"[""Bullish"", ""Investment"", ""Ownership Change"", ""Insider Trading""]"
1067,"[""Bearish"", ""Divestment"", ""Ownership Change"", ""Insider Trading""]"
573,"[""Bullish"", ""Investment"", ""Ownership Change"", ""Insider Trading""]"
766,"[""Ownership Changes"", ""Takeover"", ""insider-trading""]"
783,"[""Divestment"", ""Bearish"", ""insider-trading""]"
1068,"[""Bullish"", ""Investment"", ""Ownership Change"", ""Insider Trading""]"
1140,"[""Bullish"", ""Investment"", ""Ownership Change"", ""Insider Trading""]"
1187,"[""Bullish"", ""Investment"", ""Ownership Change"", ""Insider Trading""]"
756,"[""Bearish"", ""Divestment"", ""Ownership Change"", ""Insider Trading""]"
757,"[""Bearish"", ""Divestment"", ""Ownership Change"", ""Insider Trading""]"
758,"[""Bearish"", ""Divestment"", ""Ownership Change"", ""Insider Trading""]"
759,"[""Bearish"", ""Divestment"", ""Ownership Change"", ""Insider Trading""]"
760,"[""Bearish"", ""Divestment"", ""Ownership Change"", ""Insider Trading""]"
635,"[""Bearish"", ""Divestment"", ""Ownership Change"", ""Insider Trading""]"
761,"[""Bearish"", ""Divestment"", ""Ownership Change"", ""Insider Trading""]"
767,"[""Ownership Changes"", ""Investment"", ""Bullish"", ""insider-trading""]"
784,"[""Ownership Changes"", ""Divestment Bearish"", ""insider-trading""]"
1069,"[""Bullish"", ""Investment"", ""Ownership Change"", ""Insider Trading""]"
657,"[""Bullish"", ""Investment"", ""Ownership Change"", ""Insider Trading""]"
768,"[""Divestment"", ""Ownership Change"", ""insider-trading""]"
1070,"[""Bullish"", ""Investment"", ""Ownership Change"", ""Insider Trading""]"
1072,"[""Bearish"", ""Divestment"", ""Ownership Change"", ""Insider Trading""]"
1074,"[""Bearish"", ""Divestment"", ""Ownership Change"", ""Insider Trading""]"
1076,"[""Bearish"", ""Divestment"", ""Ownership Change"", ""Insider Trading""]"
1078,"[""Bullish"", ""Investment"", ""Ownership Change"", ""Insider Trading""]"
1142,"[""Bearish"", ""Divestment"", ""Ownership Change"", ""Insider Trading""]"
308,"[""Ownership Changes"", ""Bearish"", ""insider-trading"", ""Divestment""]"
769,"[""Ownership Changes"", ""insider-trading""]"
785,"[""Ownership Changes"", ""Divestment"", ""insider-trading""]"
1071,"[""Bearish"", ""Divestment"", ""Ownership Change"", ""Insider Trading""]"
1073,"[""Bearish"", ""Divestment"", ""Ownership Change"", ""Insider Trading""]"
1075,"[""Bullish"", ""Investment"", ""Ownership Change"", ""Insider Trading""]"
786,"[""Takeover"", ""Ownership Changes"", ""Bullish"", ""insider-trading""]"
1077,"[""Bullish"", ""Investment"", ""Ownership Change"", ""Insider Trading""]"
1143,"[""Bearish"", ""Divestment"", ""Ownership Change"", ""Insider Trading""]"
1186,"[""Bullish"", ""Investment"", ""Ownership Change"", ""Insider Trading""]"
1197,"[""Bearish"", ""Divestment"", ""Ownership Change"", ""Insider Trading""]"
1204,"[""Bearish"", ""Divestment"", ""Ownership Change"", ""Insider Trading""]"
1206,"[""Bullish"", ""Investment"", ""Ownership Change"", ""Insider Trading""]"
1208,"[""Bullish"", ""Investment"", ""Ownership Change"", ""Insider Trading""]"
787,"[""Bearish"", ""Divestment"", ""Ownership Change"", ""Insider Trading""]"
788,"[""Bearish"", ""Divestment"", ""Ownership Change"", ""Insider Trading""]"
789,"[""Bullish"", ""Investment"", ""Ownership Change"", ""Insider Trading""]"
790,"[""Bearish"", ""Divestment"", ""Ownership Change"", ""Insider Trading""]"
791,"[""Bearish"", ""Divestment"", ""Ownership Change"", ""Insider Trading""]"
792,"[""Bullish"", ""Investment"", ""Ownership Change"", ""Insider Trading""]"
793,"[""Bullish"", ""Investment"", ""Ownership Change"", ""Insider Trading""]"
1081,"[""Bullish"", ""Investment"", ""Ownership Change"", ""Insider Trading""]"
1148,"[""Bearish"", ""Divestment"", ""Ownership Change"", ""Insider Trading""]"
794,"[""Bearish"", ""Divestment"", ""Ownership Change"", ""Insider Trading""]"
1082,"[""Bearish"", ""Divestment"", ""Ownership Change"", ""Insider Trading""]"
1199,"[""Bullish"", ""Investment"", ""Ownership Change"", ""Insider Trading""]"
126,"[""IDX"", ""Bullish"", ""insider-trading"", ""Investment"", ""Ownership Changes""]"
1205,"[""Bullish"", ""Investment"", ""Ownership Change"", ""Insider Trading""]"
1144,"[""Bearish"", ""Divestment"", ""Ownership Change"", ""Insider Trading""]"
1207,"[""Bearish"", ""Divestment"", ""Ownership Change"", ""Insider Trading""]"
117,"[""IDX"", ""Bearish"", ""insider-trading"", ""Divestment"", ""Ownership Changes""]"
121,"[""IDX"", ""Neutral"", ""insider-trading"", ""Restructure"", ""Ownership Changes""]"
132,"[""IDX"", ""Bullish"", ""insider-trading"", ""Investment"", ""Ownership Changes""]"
56,"[""IDX"", ""Ownership Changes"", ""insider trading"", ""Investment"", ""Executive Shareholding Changes""]"
15,"[""insider-trading""]"
11,"[""insider-trading""]"
107,"[""IDX"", ""Bullish"", ""insider-trading"", ""MESOP"", ""Ownership Changes""]"
133,"[""IDX"", ""Bullish"", ""insider-trading"", ""Investment"", ""Ownership Changes""]"
146,"[""IDX"", ""Bullish"", ""insider-trading"", ""Investment"", ""Ownership Changes""]"
17,"[""insider-trading""]"
60,"[""IDX"", ""Bearish"", ""insider-trading"", ""Ownership Changes"", ""Executive Shareholding Changes"", ""Portfolio Adjustment""]"
62,"[""IDX"", ""Neutral"", ""insider-trading"", ""Ownership Changes"", ""Executive Shareholding Changes"", ""Divestment""]"
39,"[""insider-trading""]"
125,"[""IDX"", ""Bearish"", ""insider-trading"", ""Divestment"", ""Ownership Changes""]"
109,"[""IDX"", ""Bullish"", ""insider-trading"", ""MESOP"", ""Ownership Changes""]"
116,"[""IDX"", ""Bullish"", ""insider-trading"", ""Investment"", ""Ownership Changes""]"
122,"[""IDX"", ""Bullish"", ""insider-trading"", ""Investment"", ""Ownership Changes""]"
25,"[""insider-trading""]"
129,"[""IDX"", ""Bearish"", ""insider-trading"", ""Divestment"", ""Ownership Changes""]"
21,"[""insider-trading""]"
118,"[""IDX"", ""Bullish"", ""insider-trading"", ""Investment"", ""Ownership Changes""]"
127,"[""IDX"", ""Bullish"", ""insider-trading"", ""Increase Stake"", ""Ownership Changes""]"
151,"[""IDX"", ""Neutral"", ""insider-trading"", ""Divestment"", ""Ownership Changes""]"
59,"[""IDX"", ""Bullish"", ""insider-trading"", ""Ownership Changes"", ""Executive Shareholding Changes"", ""Portfolio Adjustment""]"
13,"[""insider-trading""]"
63,"[""IDX"", ""Bullish/Bearish/Neutral"", ""insider-trading"", ""Ownership Changes"", ""Executive Shareholding Changes"", ""Mergers & Acquisitions""]"
201,"[""IDX"", ""Bearish"", ""insider-trading"", ""Divestment"", ""Ownership Changes""]"
65,"[""IDX"", ""Bearish"", ""insider-trading"", ""Free Float"", ""Ownership Changes""]"
111,"[""IDX"", ""Bullish"", ""insider-trading"", ""Investment"", ""Ownership Changes""]"
124,"[""IDX"", ""Bearish"", ""insider-trading"", ""Divestment"", ""Ownership Changes""]"
120,"[""IDX"", ""Bearish"", ""insider-trading"", ""Divestment"", ""Ownership Changes""]"
131,"[""IDX"", ""Bullish"", ""insider-trading"", ""Investment"", ""Ownership Changes""]"
141,"[""IDX"", ""Bearish"", ""insider-trading"", ""Divestment"", ""Ownership Changes""]"
134,"[""IDX"", ""Bullish"", ""insider-trading"", ""Investment"", ""Ownership Changes""]"
85,"[""IDX"", ""Bearish"", ""insider-trading"", ""Divestment"", ""Ownership Changes""]"
80,"[""IDX"", ""Bullish"", ""insider-trading"", ""Investment"", ""Ownership Changes""]"
104,"[""IDX"", ""Bullish"", ""insider-trading"", ""Investment"", ""Ownership Changes""]"
307,"[""Investment"", ""Bullish"", ""insider-trading"", ""Ownership Changes""]"
113,"[""IDX"", ""Bullish"", ""insider-trading"", ""Investment"", ""Ownership Changes""]"
302,"[""Bullish"", ""Ownership Changes"", ""insider-trading"", ""Takeover""]"
305,"[""Bullish"", ""insider-trading"", ""Ownership Changes"", ""Investment""]"
306,"[""Bullish"", ""insider-trading"", ""Ownership Changes"", ""Investment"", ""Takeover""]"
55,"[""IDX"", ""Ownership Changes"", ""insider trading"", ""Portfolio Adjustment"", ""Executive Shareholding Changes""]"
58,"[""IDX"", ""Bullish"", ""insider-trading"", ""Ownership Changes"", ""Executive Shareholding Changes"", ""Increase Stake""]"
81,"[""IDX"", ""Bearish"", ""insider-trading"", ""Divestment"", ""Ownership Changes""]"
22,"[""insider-trading""]"
23,"[""insider-trading""]"
26,"[""insider-trading""]"
38,"[""insider-trading""]"
18,"[""insider-trading""]"
88,"[""IDX"", ""Bullish"", ""insider-trading"", ""Restructure"", ""Ownership Changes""]"
215,"[""IDX"", ""Bullish"", ""insider-trading"", ""Investment"", ""Ownership Changes""]"
91,"[""IDX"", ""Bearish"", ""insider-trading"", ""Divestment"", ""Ownership Changes""]"
90,"[""IDX"", ""Bearish"", ""insider-trading"", ""Divestment"", ""Ownership Changes""]"
79,"[""IDX"", ""Bullish"", ""insider-trading"", ""Investment"", ""Ownership Changes""]"
69,"[""IDX"", ""Bullish"", ""insider-trading"", ""Ownership Changes""]"
12,"[""insider-trading""]"
89,"[""IDX"", ""Neutral"", ""insider-trading"", ""Restructure"", ""Ownership Changes"", ""Majority Shareholding Change""]"
93,"[""IDX"", ""Bullish"", ""insider-trading"", ""Investment"", ""Ownership Changes""]"
105,"[""IDX"", ""Bullish"", ""insider-trading"", ""Investment"", ""Ownership Changes""]"
61,"[""IDX"", ""Bullish"", ""insider-trading"", ""Ownership Changes"", ""Executive Shareholding Changes"", ""Investment""]"
66,"[""IDX"", ""Bullish"", ""insider-trading"", ""Investment"", ""Ownership Changes""]"
68,"[""IDX"", ""Bullish"", ""insider-trading"", ""Support"", ""Ownership Changes""]"
114,"[""IDX"", ""Neutral"", ""insider-trading"", ""Divestment"", ""Ownership Changes""]"
140,"[""IDX"", ""Bearish"", ""insider-trading"", ""Divestment"", ""Ownership Changes""]"
142,"[""IDX"", ""Bullish"", ""insider-trading"", ""Investment"", ""Ownership Changes""]"
143,"[""IDX"", ""Bearish"", ""insider-trading"", ""Divestment"", ""Ownership Changes""]"
144,"[""IDX"", ""Bullish"", ""insider-trading"", ""Investment"", ""Ownership Changes""]"
145,"[""IDX"", ""Bullish"", ""insider-trading"", ""Investment"", ""Ownership Changes""]"
148,"[""IDX"", ""Bullish"", ""insider-trading"", ""Investment"", ""Ownership Changes""]"
149,"[""IDX"", ""Bullish"", ""insider-trading"", ""Investment"", ""Ownership Changes""]"
150,"[""IDX"", ""Bullish"", ""insider-trading"", ""Investment"", ""Ownership Changes""]"
135,"[""IDX"", ""Bullish"", ""insider-trading"", ""Investment"", ""Ownership Changes""]"
156,"[""IDX"", ""Bullish"", ""insider-trading"", ""Stock Dividend"", ""Ownership Changes""]"
158,"[""IDX"", ""Bullish"", ""insider-trading"", ""Investment"", ""Ownership Changes""]"
159,"[""IDX"", ""Bullish"", ""insider-trading"", ""Investment"", ""Ownership Changes""]"
160,"[""IDX"", ""Bullish"", ""insider-trading"", ""Investment"", ""Ownership Changes""]"
161,"[""IDX"", ""Bullish"", ""insider-trading"", ""Investment"", ""Ownership Changes""]"
309,"[""Investment"", ""Ownership Changes"", ""Bullish"", ""insider-trading""]"
162,"[""IDX"", ""Bullish"", ""insider-trading"", ""Investment"", ""Ownership Changes""]"
163,"[""IDX"", ""Bullish"", ""insider-trading"", ""Investment"", ""Ownership Changes""]"
164,"[""IDX"", ""Bearish"", ""insider-trading"", ""Divestment"", ""Ownership Changes""]"
167,"[""IDX"", ""Bearish"", ""insider-trading"", ""Divestment"", ""Ownership Changes""]"
169,"[""IDX"", ""Bullish"", ""insider-trading"", ""Hibah"", ""Ownership Changes""]"
168,"[""IDX"", ""Bullish"", ""insider-trading"", ""Hibah"", ""Ownership Changes""]"
172,"[""IDX"", ""Bearish"", ""insider-trading"", ""Divestment"", ""Ownership Changes""]"
77,"[""IDX"", ""Bearish"", ""insider-trading"", ""Investment"", ""Ownership Changes""]"
86,"[""IDX"", ""Bullish"", ""insider-trading"", ""Investment"", ""Ownership Changes""]"
87,"[""IDX"", ""Bullish"", ""insider-trading"", ""Restructure"", ""Ownership Changes""]"
174,"[""IDX"", ""Bullish"", ""insider-trading"", ""Investment"", ""Ownership Changes""]"
175,"[""IDX"", ""Bearish"", ""insider-trading"", ""Divestment"", ""Ownership Changes""]"
303,"[""Divestment"", ""Bearish"", ""insider-trading"", ""Ownership Changes""]"
92,"[""IDX"", ""Bullish"", ""insider-trading"", ""Investment"", ""Ownership Changes""]"
106,"[""IDX"", ""Bullish"", ""insider-trading"", ""Investment"", ""Ownership Changes""]"
112,"[""IDX"", ""Bearish"", ""insider-trading"", ""Divestment"", ""Ownership Changes""]"
123,"[""IDX"", ""Neutral"", ""insider-trading"", ""Restructure"", ""Ownership Changes""]"
136,"[""IDX"", ""Neutral"", ""Convertible Bonds"", ""Ownership Changes""]"
155,"[""IDX"", ""Bullish"", ""insider-trading"", ""Investment"", ""Ownership Changes""]"
239,"[""IDX"", ""Bearish"", ""insider-trading"", ""Divestment"", ""Ownership Changes""]"
170,"[""IDX"", ""Bullish"", ""insider-trading"", ""Investment"", ""Ownership Changes""]"
173,"[""IDX"", ""Bullish"", ""insider-trading"", ""Investment"", ""Ownership Changes""]"
176,"[""IDX"", ""Bearish"", ""insider-trading"", ""Divestment"", ""Ownership Changes""]"
177,"[""IDX"", ""Bullish"", ""insider-trading"", ""Investment"", ""Ownership Changes""]"
178,"[""IDX"", ""Bearish"", ""insider-trading"", ""Divestment"", ""Ownership Changes""]"
179,"[""IDX"", ""Bearish"", ""insider-trading"", ""Divestment"", ""Ownership Changes""]"
181,"[""IDX"", ""Bullish"", ""insider-trading"", ""Investment"", ""Ownership Changes""]"
182,"[""IDX"", ""Bearish"", ""insider-trading"", ""Divestment"", ""Ownership Changes""]"
183,"[""IDX"", ""Bullish"", ""insider-trading"", ""Investment"", ""Ownership Changes""]"
184,"[""IDX"", ""Bearish"", ""insider-trading"", ""Debt Payment"", ""Ownership Changes""]"
185,"[""IDX"", ""Bullish"", ""insider-trading"", ""Investment"", ""Ownership Changes""]"
199,"[""IDX"", ""Bullish"", ""insider-trading"", ""Investment"", ""Ownership Changes""]"
200,"[""IDX"", ""Bearish"", ""insider-trading"", ""Divestment"", ""Ownership Changes""]"
202,"[""IDX"", ""Bullish"", ""insider-trading"", ""Investment"", ""Ownership Changes""]"
204,"[""IDX"", ""Bullish"", ""insider-trading"", ""Investment"", ""Ownership Changes""]"
205,"[""IDX"", ""Bullish"", ""insider-trading"", ""Investment"", ""Ownership Changes""]"
206,"[""IDX"", ""Bullish"", ""insider-trading"", ""Investment"", ""Ownership Changes""]"
207,"[""IDX"", ""Bearish"", ""insider-trading"", ""Divestment"", ""Ownership Changes""]"
208,"[""IDX"", ""Bullish"", ""insider-trading"", ""Investment"", ""Ownership Changes""]"
209,"[""IDX"", ""Bullish"", ""insider-trading"", ""Investment"", ""Ownership Changes""]"
210,"[""IDX"", ""Bearish"", ""insider-trading"", ""Divestment"", ""Ownership Changes""]"
211,"[""IDX"", ""Bullish"", ""insider-trading"", ""Investment"", ""Ownership Changes""]"
221,"[""IDX"", ""Bearish"", ""insider-trading"", ""Divestment"", ""Ownership Changes""]"
214,"[""IDX"", ""Bullish"", ""insider-trading"", ""Investment"", ""Ownership Changes""]"
216,"[""IDX"", ""Bearish"", ""insider-trading"", ""Divestment"", ""Ownership Changes""]"
217,"[""IDX"", ""Bullish"", ""insider-trading"", ""Investment"", ""Ownership Changes""]"
218,"[""IDX"", ""Bullish"", ""insider-trading"", ""Investment"", ""Ownership Changes""]"
219,"[""IDX"", ""Bullish"", ""insider-trading"", ""Investment"", ""Ownership Changes""]"
220,"[""IDX"", ""Bearish"", ""insider-trading"", ""Divestment"", ""Ownership Changes""]"
222,"[""IDX"", ""Bearish"", ""insider-trading"", ""Divestment"", ""Ownership Changes""]"
223,"[""IDX"", ""Bearish"", ""insider-trading"", ""Divestment"", ""Ownership Changes""]"
224,"[""IDX"", ""Bullish"", ""insider-trading"", ""Investment"", ""Ownership Changes""]"
225,"[""IDX"", ""Bullish"", ""insider-trading"", ""Investment"", ""Ownership Changes""]"
226,"[""IDX"", ""Bearish"", ""insider-trading"", ""Divestment"", ""Ownership Changes""]"
227,"[""IDX"", ""Bearish"", ""insider-trading"", ""Divestment"", ""Ownership Changes""]"
231,"[""IDX"", ""Bullish"", ""insider-trading"", ""Investment"", ""Ownership Changes""]"
230,"[""IDX"", ""Bullish"", ""insider-trading"", ""Investment"", ""Ownership Changes""]"
232,"[""IDX"", ""Bullish"", ""insider-trading"", ""Investment"", ""Ownership Changes""]"
233,"[""IDX"", ""Bearish"", ""insider-trading"", ""Divestment"", ""Ownership Changes""]"
234,"[""IDX"", ""Bullish"", ""insider-trading"", ""Investment"", ""Ownership Changes""]"
235,"[""IDX"", ""Bullish"", ""insider-trading"", ""Investment"", ""Ownership Changes""]"
237,"[""IDX"", ""Bearish"", ""insider-trading"", ""Divestment"", ""Ownership Changes""]"
238,"[""IDX"", ""Bullish"", ""insider-trading"", ""Investment"", ""Ownership Changes""]"
240,"[""IDX"", ""Bearish"", ""insider-trading"", ""Divestment"", ""Ownership Changes""]"
241,"[""IDX"", ""Bearish"", ""insider-trading"", ""Divestment"", ""Ownership Changes""]"
242,"[""IDX"", ""Bullish"", ""insider-trading"", ""Investment"", ""Ownership Changes""]"
245,"[""IDX"", ""Neutral"", ""insider-trading"", ""Succession"", ""Ownership Changes""]"
246,"[""IDX"", ""Bullish"", ""insider-trading"", ""Investment"", ""Ownership Changes""]"
247,"[""IDX"", ""Neutral"", ""insider-trading"", ""Succession"", ""Ownership Changes""]"
252,"[""IDX"", ""Bullish"", ""insider-trading"", ""Investment"", ""Ownership Changes""]"
253,"[""IDX"", ""Bullish"", ""insider-trading"", ""Investment"", ""Ownership Changes""]"
254,"[""IDX"", ""Bullish"", ""insider-trading"", ""Investment"", ""Ownership Changes""]"
250,"[""IDX"", ""Bearish"", ""insider-trading"", ""Divestment"", ""Ownership Changes""]"
256,"[""Bearish"", ""insider-trading"", ""Divestment"", ""Ownership Changes""]"
255,"[""IDX"", ""Bullish"", ""insider-trading"", ""Investment"", ""Ownership Changes""]"
257,"[""Bearish"", ""insider-trading"", ""Divestment"", ""Ownership Changes""]"
258,"[""Bullish"", ""insider-trading"", ""Investment"", ""Ownership Changes""]"
259,"[""Bullish"", ""insider-trading"", ""Investment"", ""Ownership Changes""]"
260,"[""Bullish"", ""insider-trading"", ""Investment"", ""Ownership Changes""]"
261,"[""Bullish"", ""insider-trading"", ""Investment"", ""Ownership Changes""]"
262,"[""Bullish"", ""insider-trading"", ""Investment"", ""Ownership Changes""]"
263,"[""Bearish"", ""insider-trading"", ""Divestment"", ""Ownership Changes"", ""Takeover""]"
264,"[""Bullish"", ""insider-trading"", ""Investment"", ""Ownership Changes"", ""Takeover""]"
265,"[""Bullish"", ""insider-trading"", ""Investment"", ""Ownership Changes""]"
266,"[""Bullish"", ""insider-trading"", ""Investment"", ""Ownership Changes""]"
267,"[""Bullish"", ""insider-trading"", ""Investment"", ""Ownership Changes""]"
268,"[""Bullish"", ""insider-trading"", ""Investment"", ""Ownership Changes""]"
270,"[""Bullish"", ""insider-trading"", ""Investment"", ""Ownership Changes""]"
271,"[""Bullish"", ""insider-trading"", ""Investment"", ""Ownership Changes""]"
272,"[""Bearish"", ""insider-trading"", ""Divestment"", ""Ownership Changes""]"
275,"[""Bullish"", ""insider-trading"", ""Investment"", ""Ownership Changes""]"
274,"[""insider-trading"", ""IDX"", ""Ownership Changes"", ""Bullish""]"
277,"[""Bearish"", ""insider-trading"", ""Divestment"", ""Ownership Changes""]"
278,"[""Bullish"", ""insider-trading"", ""Investment"", ""Ownership Changes""]"
280,"[""insider-trading"", ""Share Transfer"", ""Ownership Changes""]"
279,"[""insider-trading"", ""Share Transfer"", ""Ownership Changes""]"
281,"[""Bullish"", ""insider-trading"", ""Investment"", ""Ownership Changes""]"
304,"[""Ownership Changes"", ""Bearish"", ""insider-trading"", ""Divestment""]"
312,"[""Investment"", ""Ownership Changes"", ""Bullish"", ""insider-trading""]"
313,"[""insider-trading"", ""IDX"", ""Ownership Changes"", ""Bullish"", ""\""IDX\"""", ""\""Ownership Changes\"""", ""\""Bullish\""]""]"
317,"[""Bearish"", ""insider-trading"", ""Divestment"", ""Ownership Changes""]"
318,"[""Bullish"", ""insider-trading"", ""Investment"", ""Ownership Changes""]"
319,"[""Bearish"", ""insider-trading"", ""Divestment"", ""Ownership Changes""]"
320,"[""Bearish"", ""insider-trading"", ""Divestment"", ""Ownership Changes""]"
322,"[""Bullish"", ""insider-trading"", ""Investment"", ""Ownership Changes""]"
323,"[""Bearish"", ""insider-trading"", ""Divestment"", ""Ownership Changes""]"
324,"[""Bullish"", ""insider-trading"", ""Investment"", ""Ownership Changes""]"
325,"[""Bullish"", ""insider-trading"", ""Investment"", ""Ownership Changes""]"
326,"[""Bullish"", ""insider-trading"", ""Investment"", ""Ownership Changes""]"
327,"[""Bearish"", ""insider-trading"", ""Divestment"", ""Ownership Changes""]"
328,"[""Bullish"", ""insider-trading"", ""Investment"", ""Ownership Changes""]"
329,"[""Bearish"", ""insider-trading"", ""Divestment"", ""Ownership Changes""]"
330,"[""Bearish"", ""insider-trading"", ""Divestment"", ""Ownership Changes""]"
332,"[""Bullish"", ""insider-trading"", ""Investment"", ""Ownership Changes""]"
342,"[""Bullish"", ""insider-trading"", ""Investment"", ""Ownership Changes""]"
333,"[""Bearish"", ""insider-trading"", ""Divestment"", ""Ownership Changes""]"
336,"[""Bullish"", ""insider-trading"", ""Investment"", ""Ownership Changes""]"
337,"[""Bullish"", ""insider-trading"", ""Investment"", ""Ownership Changes""]"
338,"[""Bearish"", ""insider-trading"", ""Divestment"", ""Ownership Changes""]"
339,"[""Bearish"", ""insider-trading"", ""Divestment"", ""Ownership Changes""]"
340,"[""Bullish"", ""insider-trading"", ""Investment"", ""Ownership Changes""]"
341,"[""Bullish"", ""insider-trading"", ""Investment"", ""Ownership Changes""]"
343,"[""Bearish"", ""insider-trading"", ""Divestment"", ""Ownership Changes""]"
344,"[""Bearish"", ""insider-trading"", ""Divestment"", ""Ownership Changes""]"
345,"[""Bearish"", ""insider-trading"", ""Divestment"", ""Ownership Changes""]"
346,"[""Bearish"", ""insider-trading"", ""Divestment"", ""Ownership Changes""]"
347,"[""Bearish"", ""insider-trading"", ""Divestment"", ""Ownership Changes""]"
348,"[""Bearish"", ""insider-trading"", ""Divestment"", ""Ownership Changes""]"
350,"[""Bearish"", ""insider-trading"", ""Divestment"", ""Ownership Changes""]"
351,"[""Bearish"", ""insider-trading"", ""Divestment"", ""Ownership Changes""]"
360,"[""Bullish"", ""insider-trading"", ""Investment"", ""Ownership Changes""]"
352,"[""Bullish"", ""insider-trading"", ""Investment"", ""Ownership Changes""]"
353,"[""Bullish"", ""insider-trading"", ""Investment"", ""Ownership Changes""]"
354,"[""Bearish"", ""insider-trading"", ""Divestment"", ""Ownership Changes""]"
316,"[""Bullish"", ""insider-trading"", ""Investment"", ""Ownership Changes""]"
355,"[""Bullish"", ""insider-trading"", ""Investment"", ""Ownership Changes""]"
356,"[""Bearish"", ""insider-trading"", ""Divestment"", ""Ownership Changes""]"
357,"[""Bullish"", ""insider-trading"", ""Investment"", ""Ownership Changes""]"
358,"[""Bearish"", ""insider-trading"", ""Divestment"", ""Ownership Changes""]"
359,"[""Bullish"", ""insider-trading"", ""Investment"", ""Ownership Changes""]"
369,"[""insider-trading"", ""IDX"", ""Ownership Changes"", ""Bearish""]"
375,"[""insider-trading"", ""IDX"", ""Ownership Changes"", ""Bearish""]"
374,"[""insider-trading"", ""IDX"", ""Ownership Changes"", ""Bearish""]"
379,"[""Bullish"", ""Investment"", ""insider-trading""]"
380,"[""Bullish"", ""Investment"", ""insider-trading""]"
381,"[""Bullish"", ""Investment"", ""insider-trading""]"
273,"[""insider-trading"", ""IDX"", ""Ownership Changes"", ""Bullish""]"
366,"[""insider-trading"", ""IDX"", ""Ownership Changes"", ""Bearish""]"
285,"[""insider-trading"", ""IDX"", ""Ownership Changes"", ""Bullish""]"
773,"[""Investment"", ""Ownership Changes"", ""Bullish"", ""insider-trading""]"
364,"[""insider-trading"", ""IDX"", ""Ownership Changes"", ""Bullish""]"
367,"[""insider-trading"", ""IDX"", ""Ownership Changes"", ""Bullish""]"
368,"[""insider-trading"", ""IDX"", ""Ownership Changes"", ""Bullish""]"
370,"[""insider-trading"", ""IDX"", ""Ownership Changes"", ""Bullish""]"
372,"[""insider-trading"", ""IDX"", ""Ownership Changes"", ""Bullish""]"
373,"[""insider-trading"", ""IDX"", ""Ownership Changes"", ""Bullish""]"
376,"[""insider-trading"", ""IDX"", ""Ownership Changes"", ""Bullish""]"
284,"[""insider-trading"", ""IDX"", ""Ownership Changes"", ""Bearish""]"
795,"[""Bearish"", ""Divestment"", ""Ownership Change"", ""Insider Trading""]"
796,"[""Bullish"", ""Investment"", ""Ownership Change"", ""Insider Trading""]"
797,"[""Bearish"", ""Divestment"", ""Ownership Change"", ""Insider Trading""]"
1083,"[""Bearish"", ""Divestment"", ""Ownership Change"", ""Insider Trading""]"
1084,"[""Bearish"", ""Divestment"", ""Ownership Change"", ""Insider Trading""]"
776,"[""Bullish"", ""Investment"", ""Ownership Change"", ""Insider Trading""]"
777,"[""Bullish"", ""Investment"", ""Ownership Change"", ""Insider Trading""]"
799,"[""Bearish"", ""Divestment"", ""Ownership Change"", ""Insider Trading""]"
801,"[""Bearish"", ""Divestment"", ""Ownership Change"", ""Insider Trading""]"
808,"[""Bullish"", ""Investment"", ""Ownership Change"", ""Insider Trading""]"
29,"[""insider-trading""]"
775,"[""Bearish"", ""Divestment"", ""Ownership Change"", ""Insider Trading""]"
800,"[""Bullish"", ""Investment"", ""Ownership Change"", ""Insider Trading""]"
809,"[""Bearish"", ""Divestment"", ""Ownership Change"", ""Insider Trading""]"
19,"[""insider-trading""]"
830,"[""Bullish"", ""Investment"", ""Ownership Change"", ""Insider Trading""]"
802,"[""Bullish"", ""Investment"", ""Ownership Change"", ""Insider Trading""]"
812,"[""Bullish"", ""Investment"", ""Ownership Change"", ""Insider Trading""]"
813,"[""Bullish"", ""Investment"", ""Ownership Change"", ""Insider Trading""]"
814,"[""Bearish"", ""Divestment"", ""Ownership Change"", ""Insider Trading""]"
815,"[""Bullish"", ""Investment"", ""Ownership Change"", ""Insider Trading""]"
803,"[""Bullish"", ""Investment"", ""Ownership Change"", ""Insider Trading""]"
804,"[""Bullish"", ""Investment"", ""Ownership Change"", ""Insider Trading""]"
816,"[""Ownership Change"", ""Takeover"", ""insider-trading""]"
839,"[""Bearish"", ""Divestment"", ""Ownership Change"", ""Insider Trading"", ""Takeover""]"
841,"[""Bearish"", ""Divestment"", ""Ownership Change"", ""Insider Trading""]"
806,"[""Bullish"", ""Investment"", ""Ownership Change"", ""Insider Trading""]"
845,"[""Bullish"", ""Investment"", ""Ownership Change"", ""Insider Trading""]"
807,"[""Bearish"", ""Divestment"", ""Ownership Change"", ""Insider Trading""]"
817,"[""Divestment"", ""Ownership Changes"", ""Partnership"", ""insider-trading""]"
844,"[""Bullish"", ""Investment"", ""Ownership Change"", ""Insider Trading""]"
1085,"[""Bearish"", ""Divestment"", ""Ownership Change"", ""Insider Trading""]"
1102,"[""Bullish"", ""Investment"", ""Ownership Change"", ""Insider Trading""]"
1152,"[""Bearish"", ""Divestment"", ""Ownership Change"", ""Insider Trading""]"
819,"[""insider-trading"", ""Ownership Changes"", ""Bullish"", ""insider-trading""]"
1086,"[""neutral"", ""ownership change"", ""insider trading""]"
1157,"[""Bearish"", ""Divestment"", ""Ownership Change"", ""Insider Trading""]"
1190,"[""Bullish"", ""Investment"", ""Ownership Change"", ""Insider Trading""]"
1200,"[""Bullish"", ""Investment"", ""Ownership Change"", ""Insider Trading""]"
1154,"[""Bullish"", ""Investment"", ""Ownership Change"", ""Insider Trading""]"
1103,"[""Bullish"", ""Investment"", ""Ownership Change"", ""Insider Trading""]"
820,"[""insider-trading"", ""Ownership Changes"", ""insider-trading""]"
854,"[""Bullish"", ""Investment"", ""Ownership Change"", ""Insider Trading""]"
860,"[""Bullish"", ""Investment"", ""Ownership Change"", ""Insider Trading""]"
862,"[""Bearish"", ""Divestment"", ""Ownership Change"", ""Insider Trading""]"
863,"[""Bearish"", ""Divestment"", ""Ownership Change"", ""Insider Trading""]"
871,"[""Bullish"", ""Investment"", ""Ownership Change"", ""Insider Trading""]"
1087,"[""neutral"", ""ownership change"", ""insider trading""]"
1104,"[""Bullish"", ""Investment"", ""Ownership Change"", ""Insider Trading""]"
1106,"[""Bearish"", ""Divestment"", ""Ownership Change"", ""Insider Trading""]"
821,"[""Ownership Changes"", ""insider-trading""]"
855,"[""Bullish"", ""Investment"", ""Ownership Change"", ""Insider Trading""]"
857,"[""Bearish"", ""Divestment"", ""Ownership Change"", ""Insider Trading""]"
861,"[""Bearish"", ""Divestment"", ""Ownership Change"", ""Insider Trading""]"
864,"[""Bearish"", ""Divestment"", ""Ownership Change"", ""Insider Trading""]"
866,"[""Bearish"", ""Divestment"", ""Ownership Change"", ""Insider Trading""]"
1088,"[""bullish"", ""investment"", ""ownership change"", ""insider trading""]"
859,"[""Bullish"", ""Investment"", ""Ownership Change"", ""Insider Trading""]"
872,"[""Bearish"", ""Divestment"", ""Ownership Change"", ""Insider Trading""]"
822,"[""Takeover"", ""Ownership Changes"", ""Investment"", ""Bullish"", ""insider-trading""]"
823,"[""Takeover Ownership Structure"", ""insider-trading""]"
858,"[""Bullish"", ""Investment"", ""Ownership Change"", ""Insider Trading""]"
865,"[""Bearish"", ""Divestment"", ""Ownership Change"", ""Insider Trading""]"
867,"[""Bearish"", ""Divestment"", ""Ownership Change"", ""Insider Trading""]"
683,"[""Bullish"", ""Investment"", ""Ownership Change"", ""Insider Trading""]"
1105,"[""Bearish"", ""Divestment"", ""Ownership Change"", ""Insider Trading""]"
824,"[""Investment"", ""Ownership Changes"", ""Bullish"", ""insider-trading""]"
868,"[""Bearish"", ""Divestment"", ""Ownership Change"", ""Insider Trading""]"
1110,"[""Bullish"", ""Investment"", ""Ownership Change"", ""Insider Trading""]"
1162,"[""Bearish"", ""Divestment"", ""Ownership Change"", ""Insider Trading""]"
1191,"[""Bullish"", ""Investment"", ""Ownership Change"", ""Insider Trading""]"
1201,"[""Bearish"", ""Divestment"", ""Ownership Change"", ""Insider Trading""]"
869,"[""Bullish"", ""Investment"", ""Ownership Change"", ""Insider Trading""]"
1107,"[""Bullish"", ""Investment"", ""Ownership Change"", ""Insider Trading""]"
643,"[""Bearish"", ""Divestment"", ""Ownership Change"", ""Insider Trading""]"
1111,"[""Bearish"", ""Divestment"", ""Ownership Change"", ""Insider Trading""]"
1161,"[""Bullish"", ""Investment"", ""Ownership Change"", ""Insider Trading""]"
1089,"[""bearish"", ""insider trading"", ""divestment"", ""ownership change""]"
1192,"[""Bullish"", ""Investment"", ""Ownership Change"", ""Insider Trading""]"
826,"[""Bullish"", ""Investment"", ""Ownership Change"", ""Insider Trading""]"
825,"[""Ownership Changes"", ""insider-trading""]"
334,"[""Bullish"", ""insider-trading"", ""Investment"", ""Ownership Changes""]"
1090,"[""bullish"", ""insider trading"", ""investment"", ""ownership change""]"
1108,"[""Bullish"", ""Investment"", ""Ownership Change"", ""Insider Trading""]"
1112,"[""Bearish"", ""Divestment"", ""Ownership Change"", ""Insider Trading""]"
1209,"[""Bearish"", ""Divestment"", ""Ownership Change"", ""Insider Trading""]"
1210,"[""Bearish"", ""Divestment"", ""Ownership Change"", ""Insider Trading""]"
1211,"[""Bearish"", ""Divestment"", ""Ownership Change"", ""Insider Trading""]"
1212,"[""Bearish"", ""Divestment"", ""Ownership Change"", ""Insider Trading""]"
1213,"[""Bearish"", ""Divestment"", ""Ownership Change"", ""Insider Trading""]"
1214,"[""Bearish"", ""Divestment"", ""Ownership Change"", ""Insider Trading""]"
1215,"[""Bullish"", ""Investment"", ""Ownership Change"", ""Insider Trading""]"
1216,"[""Bullish"", ""Investment"", ""Ownership Change"", ""Insider Trading""]"
1218,"[""Bullish"", ""Investment"", ""Ownership Change"", ""Insider Trading""]"
1219,"[""Bullish"", ""Investment"", ""Ownership Change"", ""Insider Trading""]"
1220,"[""Bearish"", ""Divestment"", ""Ownership Change"", ""Insider Trading""]"
1221,"[""Bullish"", ""Investment"", ""Ownership Change"", ""Insider Trading""]"
1222,"[""Bullish"", ""Investment"", ""Ownership Change"", ""Insider Trading""]"
1224,"[""Bullish"", ""Investment"", ""Ownership Change"", ""Insider Trading""]"
1225,"[""Bullish"", ""Investment"", ""Ownership Change"", ""Insider Trading""]"
1226,"[""Bullish"", ""Investment"", ""Ownership Change"", ""Insider Trading""]"
1223,"[""Bullish"", ""Investment"", ""Ownership Change"", ""Insider Trading""]"
1227,"[""Bearish"", ""Divestment"", ""Ownership Change"", ""Insider Trading""]"
1228,"[""Bearish"", ""Divestment"", ""Ownership Change"", ""Insider Trading""]"
1229,"[""Bearish"", ""Divestment"", ""Ownership Change"", ""Insider Trading""]"
1230,"[""Bearish"", ""Divestment"", ""Ownership Change"", ""Insider Trading""]"
1231,"[""Bearish"", ""Divestment"", ""Ownership Change"", ""Insider Trading""]"
1232,"[""Bearish"", ""Divestment"", ""Ownership Change"", ""Insider Trading""]"
1233,"[""Bullish"", ""Investment"", ""Ownership Change"", ""Insider Trading""]"
1234,"[""Bearish"", ""Divestment"", ""Ownership Change"", ""Insider Trading""]"
1235,"[""Bullish"", ""Investment"", ""Ownership Change"", ""Insider Trading""]"
1236,"[""Bullish"", ""Investment"", ""Ownership Change"", ""Insider Trading""]"
1237,"[""Bearish"", ""Divestment"", ""Ownership Change"", ""Insider Trading""]"
1241,"[""Bullish"", ""Investment"", ""Ownership Change"", ""Insider Trading""]"
1242,"[""Bullish"", ""Investment"", ""Ownership Change"", ""Insider Trading""]"
1243,"[""Bullish"", ""Investment"", ""Ownership Change"", ""Insider Trading""]"
1244,"[""Bearish"", ""Divestment"", ""Ownership Change"", ""Insider Trading""]"
1245,"[""Bearish"", ""Divestment"", ""Ownership Change"", ""Insider Trading""]"
1246,"[""Bearish"", ""Divestment"", ""Ownership Change"", ""Insider Trading""]"
1247,"[""Bearish"", ""Divestment"", ""Ownership Change"", ""Insider Trading""]"
1248,"[""Bearish"", ""Divestment"", ""Ownership Change"", ""Insider Trading""]"
1249,"[""Bearish"", ""Divestment"", ""Ownership Change"", ""Insider Trading""]"
1250,"[""Bearish"", ""Divestment"", ""Ownership Change"", ""Insider Trading""]"
1252,"[""Bearish"", ""Divestment"", ""Ownership Change"", ""Insider Trading""]"
1253,"[""Bearish"", ""Divestment"", ""Ownership Change"", ""Insider Trading""]"
1254,"[""Bullish"", ""Investment"", ""Ownership Change"", ""Insider Trading""]"
1255,"[""Bullish"", ""Investment"", ""Ownership Change"", ""Insider Trading""]"
1256,"[""Bearish"", ""Divestment"", ""Ownership Change"", ""Insider Trading""]"
1257,"[""Bearish"", ""Divestment"", ""Ownership Change"", ""Insider Trading""]"
1258,"[""Bearish"", ""Divestment"", ""Ownership Change"", ""Insider Trading""]"
1251,"[""Bullish"", ""Investment"", ""Ownership Change"", ""Insider Trading""]"
1240,"[""Bearish"", ""Divestment"", ""Ownership Change"", ""Insider Trading""]"
1273,"[""Bearish"", ""Divestment"", ""Ownership Change"", ""Insider Trading""]"
1275,"[""Bullish"", ""Investment"", ""Ownership Change"", ""Insider Trading""]"
1136,"[""Bearish"", ""Divestment"", ""Ownership Change"", ""Insider Trading""]"
1263,"[""divestment"", ""ownership change"", ""bearish"", ""insider trading""]"
1272,"[""Bearish"", ""Divestment"", ""Ownership Change"", ""Insider Trading""]"
1188,"[""Bullish"", ""Investment"", ""Ownership Change"", ""Insider Trading""]"
1217,"[""Bearish"", ""Divestment"", ""Ownership Change"", ""Insider Trading""]"
1189,"[""Bearish"", ""Divestment"", ""Ownership Change"", ""Insider Trading""]"
1139,"[""Bullish"", ""Investment"", ""Ownership Change"", ""Insider Trading""]"
1264,"[""divestment"", ""bearish"", ""ownership change"", ""insider trading""]"
1265,"[""bearish"", ""divestment"", ""ownership change"", ""insider trading""]"
1267,"[""insider trading"", ""bullish"", ""investment"", ""ownership change""]"
1266,"[""insider trading"", ""bullish"", ""investment"", ""ownership change""]"
1268,"[""bullish"", ""investment"", ""ownership change"", ""insider trading""]"
1269,"[""bullish"", ""investment"", ""ownership change"", ""insider trading""]"
1270,"[""Bearish"", ""Divestment"", ""Ownership Change"", ""Insider Trading""]"
1271,"[""Bearish"", ""Divestment"", ""Ownership Change"", ""Insider Trading""]"
1274,"[""Bearish"", ""Divestment"", ""Ownership Change"", ""Insider Trading""]"
1276,"[""Bearish"", ""Divestment"", ""Ownership Change"", ""Insider Trading""]"
1176,"[""Bearish"", ""Divestment"", ""Ownership Change"", ""Insider Trading""]"
1278,"[""bearish"", ""divestment"", ""ownership change"", ""insider trading""]"
1169,"[""Bearish"", ""Divestment"", ""Ownership Change"", ""Insider Trading""]"
1279,"[""bearish"", ""divestment"", ""ownership change"", ""insider trading""]"
1050,"[""Bullish"", ""Investment"", ""Ownership Change"", ""Insider Trading"", ""Takeover""]"
1280,"[""Bearish"", ""Divestment"", ""Ownership Change"", ""Insider Trading""]"
1283,"[""Bullish"", ""Investment"", ""Ownership Change"", ""Insider Trading""]"
1262,"[""bearish"", ""insider trading"", ""divestment"", ""ownership change""]"
1165,"[""Bullish"", ""Investment"", ""Ownership Change"", ""Insider Trading""]"
883,"[""Ownership Changes"", ""Investment"", ""Bullish"", ""insider-trading""]"
697,"[""Bullish"", ""Investment"", ""Ownership Change"", ""Insider Trading""]"
382,"[""Bullish"", ""Strengthening Subsidiary Capital"", ""insider-trading""]"
1282,"[""Bearish"", ""Divestment"", ""Ownership Change"", ""Insider Trading""]"
1284,"[""Bullish"", ""Investment"", ""Ownership Change"", ""Insider Trading""]"
1145,"[""Bullish"", ""Investment"", ""Ownership Change"", ""Insider Trading""]"
1285,"[""Bearish"", ""Divestment"", ""Ownership Change"", ""Insider Trading""]"
1286,"[""Bearish"", ""Divestment"", ""Ownership Change"", ""Insider Trading""]"
1287,"[""Bearish"", ""Divestment"", ""Ownership Change"", ""Insider Trading""]"
1288,"[""Bearish"", ""Divestment"", ""Ownership Change"", ""Insider Trading""]"
1289,"[""Bullish"", ""Investment"", ""Ownership Change"", ""Insider Trading"", ""Takeover""]"
1290,"[""Bullish"", ""Investment"", ""Ownership Change"", ""Insider Trading""]"
1292,"[""Bearish"", ""Divestment"", ""Ownership Change"", ""Insider Trading""]"
1293,"[""Bullish"", ""Investment"", ""Ownership Change"", ""Insider Trading""]"
1294,"[""Bullish"", ""Investment"", ""Ownership Change"", ""Insider Trading""]"
1295,"[""Bearish"", ""Divestment"", ""Ownership Change"", ""Insider Trading""]"
1296,"[""Bearish"", ""Divestment"", ""Ownership Change"", ""Insider Trading""]"
1297,"[""ownership change"", ""bullish"", ""insider trading"", ""investment""]"
1298,"[""ownership change"", ""insider trading"", ""divestment"", ""bearish""]"
1291,"[""Bullish"", ""Investment"", ""Ownership Change"", ""Insider Trading"", ""Takeover""]"
349,"[""Bullish"", ""insider-trading"", ""Investment"", ""Ownership Changes""]"
228,"[""IDX"", ""Bullish"", ""insider-trading"", ""Investment"", ""Ownership Changes""]"
1101,"[""Bullish"", ""Investment"", ""Ownership Change"", ""Insider Trading""]"
229,"[""IDX"", ""Bullish"", ""insider-trading"", ""Investment"", ""Ownership Changes""]"
1141,"[""Bearish"", ""Divestment"", ""Ownership Change"", ""Insider Trading""]"
1172,"[""Bearish"", ""Divestment"", ""Ownership Change"", ""Insider Trading""]"
110,"[""IDX"", ""Bullish"", ""insider-trading"", ""MESOP"", ""Ownership Changes""]"
928,"[""Divestment"", ""Bearish"", ""insider-trading""]"
1299,"[""Bearish"", ""Divestment"", ""Ownership Change"", ""Insider Trading""]"
1300,"[""Bearish"", ""Divestment"", ""Ownership Change"", ""Insider Trading""]"
365,"[""insider-trading"", ""IDX"", ""Ownership Changes"", ""Bearish""]"
283,"[""insider-trading"", ""IDX"", ""Ownership Changes"", ""Bearish"", ""\""IDX\"""", ""\""Ownership Changes\"""", ""\""Bearish\""]""]"
371,"[""insider-trading"", ""IDX"", ""Ownership Changes"", ""Bullish""]"
886,"[""Bearish"", ""Divestment"", ""Ownership Change"", ""Insider Trading""]"
588,"[""Bearish"", ""Divestment"", ""Ownership Change"", ""Insider Trading""]"
1302,"[""bullish"", ""investment""]"
1301,"[""Bullish"", ""Investment"", ""Ownership Change"", ""Insider Trading""]"
